,,,,Term-VI Time Table (PGP 2024-26 batch) for AY 2025-26,,,,,,,,,,Single Section
,,,Slot 1,Slot 2,Slot3,Break,Slot4,Slot 5,Slot 6,Slot7,Slot 8,Slot 9,,Last Session
"Day, Date",Classroom No.,,9:00 am - 10:15 am,10:30 am - 11:45 am,12 noon - 1:15 pm,Lunch,2:30 pm - 3:45 pm,4:00 pm - 5:15 pm,5:30 pm - 6:45 pm,7:00 pm - 8:15 pm,8:45 pm - 10:00 pm,10:15 pm - 11:30 pm,,Sister section attd. Allowed
12/15/2025,F-201,,Registration,BFSI B 1,BFSI A 1,,,,MDT 1,MDT 2,,,,
12/15/2025,F-203,,,,,,,,,,,,,
12/15/2025,F-103,,,,,,,,,,,,,
12/15/2025,SRC-201,,,,,,,,Yoga A 1,,,,,
12/15/2025,G103,,,,,,,,,,,,,
12/16/2025,F-201,,ConD 1,BDG 1,,,ELDM A 1,ELDM B 1,ETC 1,,,,,
12/16/2025,F-203,,,,,,,,CIED A 1,CIED B 1,,,,
12/16/2025,F-103,,,,,,,,,,,,,
12/16/2025,SRC-201,,,,,,,,Yoga A 2,,,,,
12/16/2025,G103,,,,,,,,,,,,,
12/17/2025,F-201,,AO A 1,AO B 1,,,,,MDT 3,MDT 4,,,,
12/17/2025,F-203,,,BFSI A 2,BFSI B 2,,,EIM A 1,EIM B 1,,,,,
12/17/2025,F-103,,,,,,,,,,,,,
12/17/2025,SRC-201,,,,,,,,Yoga A 3,,,,,
12/17/2025,G103,,,,,,,,,,,,,
12/18/2025,F-201,,ETC 2,BDG 2,ConD 2,,ELDM A 2,ELDM B 2,CIED A 2,CIED B 2,,,,
12/18/2025,F-203,,,,,,,,,,,,,
12/18/2025,F-103,,,,,,,,,,,,,
12/18/2025,SRC-201,,,,,,,,Yoga A 4,,,,,
12/18/2025,G103,,,,,,,,,,,,,
12/19/2025,F-201,,EIM A 2,EIM B 2,BFSI A 3,,,IBS A 1,IBS B 1,,,,,
12/19/2025,F-203,,,CNN 1,CNN 2,,,BFSI B 3,CFEC A 1,CFEC B 1,,,,
12/19/2025,F-103,,,,,,,AO A 2,AO B 2,,,,,
12/19/2025,SRC-201,,,,,,,,Yoga A 5,,,,,
12/19/2025,G103,,,,,,,,,,,,,
12/20/2025,F-201,,CFEC A 2,CFEC A 3,,,CIED A 3,CIED B 3,CFEC B 2,CFEC B 3,,,,
12/20/2025,F-203,,,,,,,,,,,,,
12/20/2025,F-103,,,,,,,,,,,,,
12/20/2025,SRC-201,,,,,,,,Yoga A 6,,,,,
12/20/2025,G103,,,,,,,,,,,,,
12/21/2025,F-201,,CFEC A 4,CFEC A 5,,,CFEC B 4,CFEC B 5,WMSG B 1,WMSG B 2,,,,
12/21/2025,F-203,,,WMSG A 1,WMSG A 2,,,,,,,,,
12/21/2025,F-103,,,,,,,,,,,,,
12/21/2025,SRC-201,,,,,,,,Yoga A 7,,,,,
12/21/2025,G103,,,,,,,,,,,,,
12/22/2025,F-201,,MSM 1,IBS A 2,IBS B 2,,,CNN 3,CNN 4,,,,,
12/22/2025,F-203,,AO A 3,AO B 3,,,EIM A 3,EIM B 3,,,,,,
12/22/2025,F-103,,,BFSI A 4,BFSI B 4,,,,,,,,,
12/22/2025,SRC-201,,,,,,,,Yoga A 8,,,,,
12/22/2025,G103,,,,,,,,,,,,,
12/23/2025,F-201,,CNN 5,CNN 6,,,ETC 3,ConD 3,HBAFL 1,EcoP 1,,,,
12/23/2025,F-203,,,ELDM A 3,ELDM B 3,,,,,,,,,
12/23/2025,F-103,,,,,,,,,,,,,
12/23/2025,SRC-201,,,,,,,,Yoga A 9,,,,,
12/23/2025,G103,,,,,,,,,,,,,
12/24/2025,F-201,,,,MSM 2,,,,CNN 7,CNN 8,,,,
12/24/2025,F-203,,BDG 3,BFSI A 5,BFSI B 5,,,IBS A 3,IBS B 3,,,,,
12/24/2025,F-103,,,,,,,,,,,,,
12/24/2025,SRC-201,,,,,,,,Yoga A 10,,,,,
12/24/2025,G103,,,,,,,,,,,,,
12/25/2025,F-201,,ETC 4,ConD 4,,,EcoP 2,EcoP 3,SLDT 1,SLDT 2,,,,
12/25/2025,F-203,,,,,,DPM A 1,DPM B 1,,,,,,
12/25/2025,F-103,,,,,,,,,,,,,
12/25/2025,SRC-201,,,,,,,,,,,,,
12/25/2025,G103,,,,,,,,,,,,,
12/26/2025,F-201,,MSM 3,BFSI A 6,BFSI B 6,,IBS A 4,IBS B 4,CFEC A 6,CFEC B 6,,,,
12/26/2025,F-203,,,,,,BDG 4,SLDT 3,SLDT 4,,,,,
12/26/2025,F-103,,,,,,,,,,,,,
12/26/2025,SRC-201,,,,,,,,,,,,,
12/26/2025,G103,,,,,,,,,,,,,
12/27/2025,F-201,,,CFEC A 7,CFEC A 8,,IBS A 5,IBS B 5,CFEC B 7,CFEC B 8,,,,
12/27/2025,F-203,,SLDT 5,SLDT 6,,,,WMSG B 3,WMSG B 4,,,,,
12/27/2025,F-103,,,WMSG A 3,WMSG A 4,,,,,,,,,
12/27/2025,SRC-201,,,,,,,,,,,,,
12/27/2025,G103,,,,,,,,,,,,,
12/28/2025,F-201,,CFEC A 9,CFEC A 10,,,CFEC B 9,CFEC B 10,WMSG B 5,WMSG B 6,,,,
12/28/2025,F-203,,,WMSG A 5,WMSG A 6,,,,,,,,,
12/28/2025,F-103,,,,,,,,,,,,,
12/28/2025,SRC-201,,,,,,,,,,,,,
12/28/2025,G103,,,,,,,,,,,,,
12/29/2025,F-201,,,BFSI A 7,BFSI B 7,,IBS A 6,IBS B 6,AO A 4,AO B 4,,,,
12/29/2025,F-203,,,HBAFL 2,,,MSM 4,,MarkA 1,,,,,
12/29/2025,F-103,,,EIM A 4,EIM B 4,,,,,,,,,
12/29/2025,SRC-201,,,,,,,,,,,,,
12/29/2025,G103,,,,,,,,,,,,,
12/30/2025,F-201,,,EcoP 4,,,DPM A 2,DPM B 2,CIED B 4,CIED A 4,HBAFL 3,,,
12/30/2025,F-203,,ETC 5,PBEI A 1,PBEI B 1,,ELDM A 4,ELDM B 4,,,,,,
12/30/2025,F-103,,,,,,,,,,,,,
12/30/2025,SRC-201,,,,,,,,,,,,,
12/30/2025,G103,,,,,,,,,,,,,
12/31/2025,F-201,,MarkA 2,BFSI A 8,BFSI B 8,,EIM A 5,EIM B 5,IBS A 7,IBS B 7,,,,
12/31/2025,F-203,,,,,,,,,MSM 5,,,,
12/31/2025,F-103,,,,,,,,,,,,,
12/31/2025,SRC-201,,,,,,,,,,,,,
12/31/2025,G103,,,,,,,,,,,,,
01/01/2026,F-201,,PBM 1,PBEI A 2,PBEI B 2,,CIED A 5,CIED B 5,,,,,,
01/01/2026,F-203,,ELDM A 5,ELDM B 5,EcoP 5,,ETC 6,,,,,,,
01/01/2026,F-103,,,,,,,,,,,,,
01/01/2026,SRC-201,,,,,,,,,,,,,
01/01/2026,G103,,,,,,,,,,,,,
01/02/2026,F-201,,BF A 1,BF B 1,,,EIM A 6,EIM B 6,,,,,,
01/02/2026,F-203,,,BFSI A 9,BFSI B 9,,,AO A 5,AO B 5,,,,,
01/02/2026,F-103,,,,,,,,,,,,,
01/02/2026,SRC-201,,,,,,,,Yoga B 1,,,,,
01/02/2026,G103,,,,,,,,,,,,,
01/03/2026,F-201,,,ET-CFEC,,,PBM 2,,CIED A 6,CIED B 6,,,,
01/03/2026,F-203,,,,,,,,,,,,,
01/03/2026,F-103,,,,,,,,,,,,,
01/03/2026,SRC-201,,,,,,,,Yoga B 2,,,,,
01/03/2026,G103,,,,,,,,,,,,,
01/04/2026,F-201,,,Quiz-BFSI,,,BF A 2,BF B 2,,,,,,
01/04/2026,F-203,,,,,,,,,,,,,
01/04/2026,F-103,,,,,,,,,,,,,
01/04/2026,SRC-201,,,,,,,,Yoga B 3,,,,,
01/04/2026,G103,,,,,,,,,,,,,
01/05/2026,F-201,,BFSI A 10,BFSI B 10,,,MSM 6,AO A 6,AO B 6,MarkA 3,,,,
01/05/2026,F-203,,,IBSCG A 1,IBSCG B 1,,,CLTC 1,,,,,,
01/05/2026,F-103,,MDT 5,MDT 6,,,,BV 1,,,,,,
01/05/2026,SRC-201,,,,,,,,Yoga B 4,,,,,
01/05/2026,G103,,,,,,,,,,,,,
01/06/2026,F-201,,ETC 7,ELDM A 6,ELDM B 6,Quiz-MDT,PBM 3,,,,MT-BDG,,,
01/06/2026,F-203,,,,BDG 5,,DPM A 3,DPM B 3,Digital A 1,Digital B 1,,,,
01/06/2026,F-103,,,,,,,,,,,,,
01/06/2026,SRC-201,,,,,,,,Yoga B 5,,,,,
01/06/2026,G103,,,,,,,,,,,,,
01/07/2026,F-201,,MSM 7,BF A 3,BF B 3,Quiz-ETC,IBSCG A 2,IBSCG B 2,BV 2,,MOSE 1,,,
01/07/2026,F-203,,Digital A 2,Digital A 3,,,AO A 7,AO B 7,Digital B 2,Digital B 3,,,,
01/07/2026,F-103,,,EIM A 7,EIM B 7,,PGP-I activity,,,,,,,
01/07/2026,SRC-201,,MDT 7,MDT 8,,,,,Yoga B 6,,,,,
01/07/2026,G103,,,,,,,,,,,,,
01/08/2026,F-201,,EcoP 6,EcoP 7,PBM 4,,ELDM A 7,ELDM B 7,MOSE 3,Digital B 4,Digital B 5,,,
01/08/2026,F-203,,MOSE 2,Digital A 4,Digital A 5,,ETC 8,,,,,,,
01/08/2026,F-103,,PGP-I activity,,,,,,,,,,,
01/08/2026,SRC-201,,,,,,,,Yoga B 7,,,,,
01/08/2026,G103,,,,,,,,,,,,,
01/09/2026,F-201,,BDG 6,MOSE 4,MarkA 4,,,MOSE 5,DMB2B A 1,DMB2B B 1,BV 3,,,
01/09/2026,F-203,,,,,,CLTC 2,BF A 4,BF B 4,,,,,
01/09/2026,F-103,,,,,,EIM A 8,EIM B 8,,,,,,
01/09/2026,SRC-201,,,,,,,,Yoga B 8,,,,,
01/09/2026,G103,,,,,,,,,,,,,
01/10/2026,F-201,,,WMSG A 7,WMSG A 8,,DMB2B A 2,DMB2B B 2,WMSG B 7,WMSG B 8,,,,
01/10/2026,F-203,,,,,,,MSM 8,MSM 9,,,,,
01/10/2026,F-103,,,,,,,,,,,,,
01/10/2026,SRC-201,,,,,,,,Yoga B 9,,,,,
01/10/2026,G103,,,,,,,,,,,,,
01/11/2026,F-201,,DMB2B A 3,DMB2B B 3,,Quiz-Yoga,,,WMSG B 9,WMSG B 10,,,,
01/11/2026,F-203,,,WMSG A 9,WMSG A 10,,,,,,,,,
01/11/2026,F-103,,,,,,,,,,,,,
01/11/2026,SRC-201,,,,,,,,Yoga B 10,,,,,
01/11/2026,G103,,,,,,,,,,,,,
01/12/2026,F-201,,,AAHR A 1,AAHR B 1,Quiz-AO,,,IBS A 8,IBS B 8,,,,
01/12/2026,F-203,,BF A 5,BF B 5,BDG 7,,CLTC 3,IBSCG A 3,IBSCG B 3,MSM 10,,,,
01/12/2026,F-103,,,MarkA 5,,,,,AO A 8,AO B 8,,,,
01/12/2026,SRC-201,,,,,,,,,,,,,
01/12/2026,G103,,,,,,,,,,,,,
01/13/2026,F-201,,PBM 5,AAHR A 2,AAHR B 2,Quiz-Digital,Genplay 1,EBS A 1,EBS B 1,,,,,
01/13/2026,F-203,,LabE 1,,EcoP 8,,CIED A 7,CIED B 7,,,,,,
01/13/2026,F-103,,,DPM B 4,DPM A 4,,,,,,,,,
01/13/2026,SRC-201,,,,,,,,,,,,,
01/13/2026,G103,,,,,,,,,,,,,
01/14/2026,F-201,,,AAHR A 3,AAHR B 3,Quiz-BF,IBSCG A 4,IBSCG B 4,HBAFL 4,BV 4,MOSE 6,,,
01/14/2026,F-203,,AO A 9,AO B 9,CLTC 4,,MSM 11,,,,,,,
01/14/2026,F-103,,,,,,,,,,,,,
01/14/2026,SRC-201,,,,,,,,,,,,,
01/14/2026,G103,,,,,,,,,,,,,
01/15/2026,F-201,,MOSE 7,LabE 2,BDG 8,,AAHR A 4,AAHR B 4,CIED A 8,CIED B 8,,,,
01/15/2026,F-203,,,PBEI A 3,PBEI B 3,,ETC 9,MIT A 1,MIT B 1,Genplay 2,,,,
01/15/2026,F-103,,PGP-I activity,,,,EBS A 2,EBS B 2,ConD 5,MOSE 8,,,,
01/15/2026,SRC-201,,,,,,,,,,,,,
01/15/2026,G103,,,,,,,,,,,,,
01/16/2026,F-201,,MOSE 9,AAHR A 5,AAHR B 5,,IBSCG A 5,IBSCG B 5,,,EMBI A 1,EMBI B 1,,
01/16/2026,F-203,,,BF A 6,BF B 6,,EIM A 9,EIM B 9,AO A 10,AO B 10,BV 5,MOSE 10,,
01/16/2026,F-103,,,,,,,,,,,,,
01/16/2026,SRC-201,,,,,,,,,,,,,
01/16/2026,G103,,,,,,,,,,,,,
01/17/2026,F-201,,EcoP 9,LabE 3,Genplay 3,,ETC 10,EMBI A 2,EMBI B 2,ConD 6,,,,
01/17/2026,F-203,,,EBS A 3,EBS B 3,,MIT A 2,MIT B 2,,,,,,
01/17/2026,F-103,,,,,,,,,,,,,
01/17/2026,SRC-201,,,,,,,,,,,,,
01/17/2026,G103,,,,,,,,,,,,,
01/18/2026,F-201,,,,,,EMBI A 3,EMBI B 3,,,,,,
01/18/2026,F-203,,,,,,,,,,,,,
01/18/2026,F-103,,Facility office activity,,,,Facility office activity,,,,,,,
01/18/2026,SRC-201,,,,,,,,,,,,,
01/18/2026,G103,,,,,,,,,,,,,
01/19/2026,F-201,,IBSCG A 6,IBSCG B 6,,,MSM 12,HBAFL 5,IBS A 9,IBS B 9,,,,
01/19/2026,F-203,,CLTC 5,BF A 7,BF B 7,,,BDG 9,CNN 9,CNN 10,ET-BFSI,,,
01/19/2026,F-103,,MarkA 6,EIM A 10,EIM B 10,,,,,BV 6,,,,
01/19/2026,SRC-201,,,,,,,,,,,,,
01/19/2026,G103,,,,,,,,,,,,,
01/20/2026,F-201,,CNN 11,,,,,,,,Digital A 6,Digital B 6,,
01/20/2026,F-203,,ELDM A 8,ELDM A 9,ELDM A 10,Quiz-PBM,ELDM A 11,,,,,,,
01/20/2026,F-103,,,,,,,,,,,,,
01/20/2026,SRC-201,,,,,,,,,,,,,
01/20/2026,G103,,,,,,,,,,,,,
01/21/2026,F-201,,,Digital A 7,Digital A 8,Quiz-AAHR,,,IBS A 10,IBS B 10,Digital B 7,Digital B 8,,
01/21/2026,F-203,,ELDM B 8,ELDM B 9,ELDM B 10,,ELDM B 11,IBSCG A 7,IBSCG B 7,PPG 1,,,,
01/21/2026,F-103,,,,,,,,,,,,,
01/21/2026,SRC-201,,,,,,,,,,,,,
01/21/2026,G103,,,,,,,,,,,,,
01/22/2026,F-201,,CIED A 9,CIED B 9,PBM 6,Quiz-BF,,PPG 2,DMB2B A 4,DMB2B B 4,Quiz-Digital,BV 7,,
01/22/2026,F-203,,ConD 7,Digital A 9,Digital A 10,,BDG 10,MIT A 3,MIT B 3,CNN 12,,,,
01/22/2026,F-103,,,EBS A 4,EBS B 4,,Digital B 9,Digital B 10,ELDM A 12,ELDM B 12,,,,
01/22/2026,SRC-201,,,,,,,,,,,,,
01/22/2026,G103,,,,,,,,,,,,,
01/23/2026,F-201,,,DMB2B A 5,DMB2B B 5,,IBSCG A 8,IBSCG B 8,HBAFL 6,MSM 13,BV 8,,,
01/23/2026,F-203,,BF A 8,BF B 8,PPG 3,,CNN 13,UDP A 1,UDP B 1,,,,,
01/23/2026,F-103,,,,,,,,,,,,,
01/23/2026,SRC-201,,,,,,,,,,,,,
01/23/2026,G103,,,,,,,,,,,,,
01/24/2026,F-201,,EBS A 5,EBS B 5,EcoP 10,,,ConD 8,DMB2B A 6,DMB2B B 6,EMBI A 4,EMBI B 4,,
01/24/2026,F-203,,,DPM A 5,DPM B 5,,PBM 7,SLDT 7,SLDT 8,,,,,
01/24/2026,F-103,,,,,,MAM 1,MAM 2,PBEI A 4,PBEI B 4,,,,
01/24/2026,SRC-201,,,,,,,,,,,,,
01/24/2026,G103,,,,,,,,,,,,,
01/25/2026,F-201,,,DMB2B A 7,DMB2B B 7,Quiz-PBM,EMBI A 5,EMBI B 5,ET-AO,,,,,
01/25/2026,F-203,,SLDT 9,SLDT 10,,,,,,,,,,
01/25/2026,F-103,,,,,,,,,,,,,
01/25/2026,SRC-201,,,,,,,,,,,,,
01/25/2026,G103,,,,,,,,,,,,,
01/26/2026,F-201,,Republic Day,,,,,,,,,,,
01/26/2026,F-203,,,,,,,,,,,,,
01/26/2026,F-103,,,,,,,,,,,,,
01/26/2026,SRC-201,,,,,,,,,,,,,
01/26/2026,G103,,,,,,,,,,,,,
01/27/2026,F-201,,CNN 14,CIED A 10,CIED B 10,,PBM 8,EBS A 6,EBS B 6,,,,,
01/27/2026,F-203,,ConD 9,ELDM A 13,ELDM B 13,,AAHR A 6,AAHR B 6,LabE 4,PPG 4,ET-ETC,,,
01/27/2026,F-103,,,,Genplay 4,,PBEI A 5,PBEI B 5,DPM A 6,DPM B 6,,,,
01/27/2026,SRC-201,,,,,,,,,,,,,
01/27/2026,G103,,,,,,,,,,,,,
01/28/2026,F-201,,CLTC 6,AAHR A 7,AAHR B 7,,BF A 9,BF B 9,PPG 5,,,,,
01/28/2026,F-203,,IBSCG A 9,IBSCG B 9,CNN 15,,,IBS A 11,IBS B 11,BV 9,MT-CIED,,,
01/28/2026,F-103,,,HBAFL 7,,,,MSM 14,ELDM A 14,ELDM B 14,,,,
01/28/2026,SRC-201,,,,,,,,,,,,,
01/28/2026,G103,,,,,,,,,,,,,
01/29/2026,F-201,,Genplay 5,AAHR A 8,AAHR B 8,,ConD 10,PPG 6,CIED A 11,CIED B 11,,,,
01/29/2026,F-203,,,LabE 5,,,PBM 9,MIT A 4,MIT B 4,,ET-BDG,,,
01/29/2026,F-103,,ELDM A 15,ELDM B 15,,,,,PBEI A 6,PBEI B 6,,,,
01/29/2026,SRC-201,,,,,,,MAM 3,MAM 4,,,,,
01/29/2026,G103,,,,,,,,,,,,,
01/30/2026,F-201,,MDT 9,MDT 10,PPG 7,,AAHR A 9,AAHR B 9,,HBAFL 8,ET-EIM,,,
01/30/2026,F-203,,BF A 10,BF B 10,BV 10,,CLTC 7,IBSCG A 10,IBSCG B 10,,,,,
01/30/2026,F-103,,,UDP A 2,UDP B 2,,,,,,,,,
01/30/2026,SRC-201,,,,,,,,,,,,,
01/30/2026,G103,,,,,,,,,,,,,
01/31/2026,F-201,,PBM 10,AAHR A 10,AAHR B 10,Quiz-LabE,DMB2B A 8,DMB2B B 8,,ET-Digital,EMBI A 6,EMBI B 6,,
01/31/2026,F-203,,MIT A 5,MIT B 5,,,MSM 15,CIED A 12,CIED B 12,,,,,
01/31/2026,F-103,,,EBS A 7,EBS B 7,,MAM 5,MAM 6,,,,,,
01/31/2026,SRC-201,,,,,,,,,,,,,
01/31/2026,G103,,,,,,,,,,,,,
02/01/2026,F-201,,,DMB2B A 9,DMB2B B 9,,,,,,,,,
02/01/2026,F-203,,EMBI A 7,EMBI B 7,,,ET-CNN,,,,,,,
02/01/2026,F-103,,,,,,,,,,,,,
02/01/2026,SRC-201,,,,,,,,,,,,,
02/01/2026,G103,,,,,,,,,,,,,
02/02/2026,F-201,,GBM 1,IBSCG A 11,IBSCG B 11,,IBS A 12,IBS B 12,MarkA 7,,,,,
02/02/2026,F-203,,UDP A 3,UDP B 3,CLTC 8,,MAM 7,MAM 8,,,,,,
02/02/2026,F-103,,,CIED A 13,CIED B 13,,,,,,,,,
02/02/2026,SRC-201,,DMB2B A 10,DMB2B B 10,,,,,,,,,,
02/02/2026,G103,,,,,,,,,,,,,
02/03/2026,F-201,,,MIT A 6,MIT B 6,Quiz-MDT,ConD 11,LabE 6,IBS A 13,IBS B 13,ET-BF,,,
02/03/2026,F-203,,,EBS A 8,EBS B 8,,ELDM A 16,ELDM B 16,DPM A 7,DPM B 7,,,,
02/03/2026,F-103,,,,,,,,,,,,,
02/03/2026,SRC-201,,,,,,,,,,,,,
02/03/2026,G103,,,,,,,,,,,,,
02/04/2026,F-201,,MDT 11,MDT 12,,,CIED A 14,CIED B 14,IBSCG A 12,ET-BV,,,,
02/04/2026,F-203,,,,,,IBSCG B 12,ELDM A 17,ELDM B 17,,,,,
02/04/2026,F-103,,,,,,,,,,,,,
02/04/2026,SRC-201,,,,,,,,,,,,,
02/04/2026,G103,,,,,,,,,,,,,
02/05/2026,F-201,,ConD 12,ELDM A 18,ELDM B 18,,CLTC 9,MAM 9,MAM 10,PPG 8,MOSE 11,,,
02/05/2026,F-203,,EBS A 9,EBS B 9,LabE 7,,MIT B 7,MIT A 7,,,,,,
02/05/2026,F-103,,,,,,,,,,,,,
02/05/2026,SRC-201,,,,,,,,,,,,,
02/05/2026,G103,,,,,,,,,,,,,
02/06/2026,F-201,,IBSCG A 13,IBSCG B 13,MOSE 12,,,PPG 9,MarkA 8,MOSE 13,EMBI A 8,EMBI B 8,,
02/06/2026,F-203,,,UDP A 4,UDP B 4,,MAM 11,MAM 12,,IBS A 14,IBS B 14,,,
02/06/2026,F-103,,MDT 13,MDT 14,,,,,,,,,,
02/06/2026,SRC-201,,,,,,,,,,,,,
02/06/2026,G103,,,,,,,,,,,,,
02/07/2026,F-201,,MOSE 14,EBS A 10,EBS B 10,,MOSE 15,LabE 8,EMBI A 9,EMBI B 9,,,,
02/07/2026,F-203,,MIT A 8,MIT B 8,PPG 10,,,,,,,,,
02/07/2026,F-103,,,,,,,,,,,,,
02/07/2026,SRC-201,,,,,,,,,,,,,
02/07/2026,G103,,,,,,,,,,,,,
02/08/2026,F-201,,,EMBI A 10,EMBI B 10,,,,,,,,,
02/08/2026,F-203,,,,,,,,,,,,,
02/08/2026,F-103,,,,,,,,,,,,,
02/08/2026,SRC-201,,,,,,,,,,,,,
02/08/2026,G103,,,,,,,,,,,,,
02/09/2026,F-201,,MDT 15,IBSCG A 14,IBSCG B 14,,MOSE 16,MarkA 9,UDP A 5,UDP B 5,GBM 2,,,
02/09/2026,F-203,,IBS A 15,IBS B 15,CLTC 10,,,,,,,,,
02/09/2026,F-103,,,,,,,,,,,,,
02/09/2026,SRC-201,,,,,,,,,,,,,
02/09/2026,G103,,,,,,,,,,,,,
02/10/2026,F-201,,ConD 13,MIT A 9,MIT B 9,,,ELDM A 19,ELDM B 19,,,,,
02/10/2026,F-203,,,DPM A 8,DPM B 8,Quiz-IBS,CIED A 15,CIED B 15,,,,,,
02/10/2026,F-103,,,,,,,,,,,,,
02/10/2026,SRC-201,,,,,,,,,,,,,
02/10/2026,G103,,,,,,,,,,,,,
02/11/2026,F-201,,ET-AAHR,,MOSE 17,,IBSCG A 15,IBSCG B 15,IBS A 16,IBS B 16,ET-MSM,,,
02/11/2026,F-203,,,,,,,ELDM A 20,ELDM B 20,,,,,
02/11/2026,F-103,,,,,,,,,,,,,
02/11/2026,SRC-201,,,,,,,,,,,,,
02/11/2026,G103,,,,,,,,,,,,,
02/12/2026,F-201,,,MIT A 10,MIT B 10,ET-DMB2B,,DPM A 9,DPM B 9,ET-PBM,,,,
02/12/2026,F-203,,,,,,,,,,,,,
02/12/2026,F-103,,,,,,,,,,,,,
02/12/2026,SRC-201,,,,,,,,,,,,,
02/12/2026,G103,,,,,,,,,,,,,
02/13/2026,F-201,,MarkA 10,ET-EBS,,,UDP A 6,UDP B 6,ET-PPG,,,,,
02/13/2026,F-203,,,,,,,,,,,,,
02/13/2026,F-103,,,,,,,,,,,,,
02/13/2026,SRC-201,,,,,,,,,,,,,
02/13/2026,G103,,,,,,,,,,,,,
02/14/2026,F-201,,,MIT A 11,MIT B 11,ET-EMBI,,,MOSE 18,ET-MDT,,,,
02/14/2026,F-203,,,,,,,,,,,,,
02/14/2026,F-103,,,,,,,,,,,,,
02/14/2026,SRC-201,,,,,,,,,,,,,
02/14/2026,G103,,,,,,,,,,,,,
02/15/2026,F-201,,,ET-CIED,,,ET-ELDM,,,,,,,
02/15/2026,F-203,,,,,,,,,,,,,
02/15/2026,F-103,,,,,,,,,,,,,
02/15/2026,SRC-201,,,,,,,,,,,,,
02/15/2026,G103,,,,,,,,,,,,,
02/16/2026,F-201,,,UDP A 7,UDP B 7,,HBAFL 9,MAM 13,MAM 14,MOSE 19,,,,
02/16/2026,F-203,,IBS A 17,IBS B 17,,,,,,,,,,
02/16/2026,F-103,,,,,,,,,,,,,
02/16/2026,SRC-201,,,,,,,,,,,,,
02/16/2026,G103,,,,,,,,,,,,,
02/17/2026,F-201,,,IBS A 18,IBS B 18,,MIT A 12,MIT B 12,,ET-IBSCG,,,,
02/17/2026,F-203,,DPM A 10,DPM B 10,LabE 9,,,PBEI B 7,PBEI A 7,,,,,
02/17/2026,F-103,,,,,,,,,,,,,
02/17/2026,SRC-201,,,,,,,,,,,,,
02/17/2026,G103,,,,,,,,,,,,,
02/18/2026,F-201,,GBM 3,MAIE 1,MAIE 2,,,HBAFL 10,MOSE 20,ET-MarkA,,,,
02/18/2026,F-203,,,,,,,,,,,,,
02/18/2026,F-103,,,,,,,,,,,,,
02/18/2026,SRC-201,,,,,,,,,,,,,
02/18/2026,G103,,,,,,,,,,,,,
02/19/2026,F-201,,MAIE 3,MAIE 4,,,LabE 10,MAM 15,GBM 4,,,,,
02/19/2026,F-203,,,MIT A 13,MIT B 13,,PBEI A 8,PBEI B 8,,,,,,
02/19/2026,F-103,,,,,,,,,,,,,
02/19/2026,SRC-201,,,,,,,,,,,,,
02/19/2026,G103,,,,,,,,,,,,,
02/20/2026,F-201,,,,GBM 5,,MAIE 5,MAIE 6,,,,,,
02/20/2026,F-203,,,,,,,,,,,,,
02/20/2026,F-103,,,,,,,,,,,,,
02/20/2026,SRC-201,,,,,,,,,,,,,
02/20/2026,G103,,,,,,,,,,,,,
02/21/2026,F-201,,,MAIE 7,MAIE 8,,MIT A 14,MIT B 14,ET-DPM,,,,,
02/21/2026,F-203,,,,,,,,,,,,,
02/21/2026,F-103,,,,,,,,,,,,,
02/21/2026,SRC-201,,,,,,,,,,,,,
02/21/2026,G103,,,,,,,,,,,,,
02/22/2026,F-201,,,,,,,,,,,,,
02/22/2026,F-203,,,,,,,,,,,,,
02/22/2026,F-103,,,,,,,,,,,,,
02/22/2026,SRC-201,,,,,,,,,,,,,
02/22/2026,G103,,,,,,,,,,,,,
02/23/2026,F-201,,,,GBM 6,,MAIE 9,MAIE 10,UDP A 8,UDP B 8,,,,
02/23/2026,F-203,,,IBS A 19,IBS B 19,,,,,,,,,
02/23/2026,F-103,,,,,,,,,,,,,
02/23/2026,SRC-201,,,,,,,,,,,,,
02/23/2026,G103,,,,,,,,,,,,,
02/24/2026,F-201,,ConD 14,MAIE 11,MAIE 12,,MIT A 15,MIT B 15,,,,,,
02/24/2026,F-203,,,,,,,PBEI A 9,PBEI B 9,,,,,
02/24/2026,F-103,,,,,,IBS A 20,IBS B 20,,,,,,
02/24/2026,SRC-201,,,,,,,,,,,,,
02/24/2026,G103,,,,,,,,,,,,,
02/25/2026,F-201,,,MAIE 13,MAIE 14,,GBM 7,UDP A 9,UDP B 9,,,,,
02/25/2026,F-203,,,,,,,,,,,,,
02/25/2026,F-103,,,,,,,,,,,,,
02/25/2026,SRC-201,,,,,,,,,,,,,
02/25/2026,G103,,,,,,,,,,,,,
02/26/2026,F-201,,GBM 8,PBEI A 10,PBEI B 10,,MAIE 15,ET-MOSE,,,,,,
02/26/2026,F-203,,,ConD 15,,,,,,,,,,
02/26/2026,F-103,,,,,,,,,,,,,
02/26/2026,SRC-201,,,,,,,,,,,,,
02/26/2026,G103,,,,,,,,,,,,,
02/27/2026,F-201,,,ET-LabE,,,UDP A 10,UDP B 10,GBM 9,GBM 10,,,,
02/27/2026,F-203,,,,,,,,,,,,,
02/27/2026,F-103,,,,,,,,,,,,,
02/27/2026,SRC-201,,,,,,,,,,,,,
02/27/2026,G103,,,,,,,,,,,,,
02/28/2026,F-201,,,,,,,,,,,,,
02/28/2026,F-203,,,,,,,,,,,,,
02/28/2026,F-103,,,,,,,,,,,,,
02/28/2026,SRC-201,,,,,,,,,,,,,
02/28/2026,G103,,,,,,,,,,,,,
03/01/2026,F-201,,,ET-MIT,,,ET-IBS,,,,,,,
03/01/2026,F-203,,,,,,,,,,,,,
03/01/2026,F-103,,,,,,,,,,,,,
03/01/2026,SRC-201,,,,,,,,,,,,,
03/01/2026,G103,,,,,,,,,,,,,
03/02/2026,F-201,,,ET-ConD,,,ET-MAIE,,,,,,,
03/02/2026,F-203,,,,,,,,,,,,,
03/02/2026,F-103,,,,,,,,,,,,,
03/02/2026,SRC-201,,,,,,,,,,,,,
03/02/2026,G103,,,,,,,,,,,,,
03/03/2026,F-201,,,ET-PBEI,,,ET-GBM,,,,,,,
03/03/2026,F-203,,,,,,,,,,,,,
03/03/2026,F-103,,,,,,,,,,,,,
03/03/2026,SRC-201,,,,,,,,,,,,,
03/03/2026,G103,,,,,,,,,,,,,
03/04/2026,F-201,,,ET-UDP,,,,,,,,,,
03/04/2026,F-203,,,,,,,,,,,,,
03/04/2026,F-103,,,,,,,,,,,,,
03/04/2026,SRC-201,,,,,,,,,,,,,
03/04/2026,G103,,,,,,,,,,,,,
03/05/2026,F-201,,,,,,,,,,,,,
03/05/2026,F-203,,,,,,,,,,,,,
03/05/2026,F-103,,,,,,,,,,,,,
03/05/2026,SRC-201,,,,,,,,,,,,,
03/05/2026,G103,,,,,,,,,,,,,
03/06/2026,F-201,,,,,,,,,,,,,
03/06/2026,F-203,,,,,,,,,,,,,
03/06/2026,F-103,,,,,,,,,,,,,
03/06/2026,SRC-201,,,,,,,,,,,,,
03/06/2026,G103,,,,,,,,,,,,,
03/07/2026,F-201,,,,,,,,,,,,,
03/07/2026,F-203,,,,,,,,,,,,,
03/07/2026,F-103,,,,,,,,,,,,,
03/07/2026,SRC-201,,,,,,,,,,,,,
03/07/2026,G103,,,,,,,,,,,,,
03/08/2026,F-201,,,,,,,,,,,,,
03/08/2026,F-203,,,,,,,,,,,,,
03/08/2026,F-103,,,,,,,,,,,,,
03/08/2026,SRC-201,,,,,,,,,,,,,
03/08/2026,G103,,,,,,,,,,,,,
03/09/2026,F-201,,,,,,,,,,,,,
03/09/2026,F-203,,,,,,,,,,,,,
03/09/2026,F-103,,,,,,,,,,,,,
03/09/2026,SRC-201,,,,,,,,,,,,,
03/09/2026,G103,,,,,,,,,,,,,
03/10/2026,F-201,,,,,,,,,,,,,
03/10/2026,F-203,,,,,,,,,,,,,
03/10/2026,F-103,,,,,,,,,,,,,
03/10/2026,SRC-201,,,,,,,,,,,,,
03/10/2026,G103,,,,,,,,,,,,,
03/11/2026,F-201,,,,,,,,,,,,,
03/11/2026,F-203,,,,,,,,,,,,,
03/11/2026,F-103,,,,,,,,,,,,,
03/11/2026,SRC-201,,,,,,,,,,,,,
03/11/2026,G103,,,,,,,,,,,,,
03/12/2026,F-201,,,,,,,,,,,,,
03/12/2026,F-203,,,,,,,,,,,,,
03/12/2026,F-103,,,,,,,,,,,,,
03/12/2026,SRC-201,,,,,,,,,,,,,
03/12/2026,G103,,,,,,,,,,,,,
